employee_id,department,role_id,salary_addition
58150799,Sales,9,"2,200"
54460132,Sales,9,"1,500"
29488832,General,13,"2,400"
23490889,General,13,"1,000"
40552022,Tech,3,"1,800"
27857854,Tech,4,"1,000"
42160915,Tech,4,"1,300"
87058717,General,12,"1,500"
41129183,Sales,8,"1,100"
51151512,General,13,800
76742129,Tech,5,"1,000"
60844151,Sales,11,"1,000"
87918048,Product,6,"2,100"
34843927,Sales,10,"1,400"
85755570,Tech,4,"1,500"
48386651,Sales,10,"1,700"
17255680,Product,6,"1,000"
49749840,Sales,11,"1,500"
14070115,Tech,5,700
69580841,Sales,8,"1,300"
50559083,Sales,9,"1,000"
37054433,General,13,"1,600"
59881222,Sales,8,700
89480933,Tech,3,"2,000"
33178180,Tech,4,600
26530813,Tech,4,700
59295596,Sales,8,"1,800"
51490959,Tech,4,"2,400"
41292406,Sales,9,"1,000"
30936464,Tech,4,800
47871844,Finance,2,"1,200"
18156045,General,14,"1,200"
65710747,Sales,9,"2,200"
48124304,Tech,4,"1,900"
41609726,Sales,9,900
62535764,Tech,4,"2,300"
36825724,Sales,9,"2,300"
38419645,General,13,"2,000"
61521332,Tech,4,"1,000"
25406097,Product,6,800
42862443,Sales,8,"1,800"
73329919,General,13,900
40058121,Sales,9,"1,400"
18302244,Tech,4,"1,000"
53954443,Finance,2,500
72669700,Tech,4,"2,200"
54308359,Tech,5,"2,300"
89680101,General,13,"1,400"
77468693,General,12,700
20699177,General,14,"1,400"
10020117,Product,6,"1,700"
21239843,General,13,"1,200"
75392752,Finance,1,"2,200"
77889844,General,13,"2,000"
52145673,Tech,4,900
23720742,Tech,5,"2,300"
12487682,Sales,9,500
63446776,Tech,5,900
41743693,Finance,1,800
76241878,Sales,11,"2,200"
74300968,Finance,1,700
14732553,Finance,1,"2,000"
15716287,Tech,5,"2,100"
40529104,Tech,5,"2,200"
37024298,Sales,8,"2,100"
13253454,Tech,5,"1,800"
34998572,General,13,"1,600"
81134214,Tech,4,800
26571696,Tech,5,"1,300"
42884172,Tech,5,600
28459089,Tech,5,800
55017892,Sales,11,"2,100"
72144119,Sales,8,"1,700"
34522983,Sales,10,"2,400"
73909964,Sales,11,900
38633652,General,15,"2,500"
59937259,Sales,8,700
52384868,Finance,1,"1,300"
64266371,Product,7,"2,100"
37915614,Finance,1,"1,700"
45539920,Tech,5,"2,300"
70655727,Tech,4,600
86035497,Sales,8,700
56338542,Sales,8,800
28960930,Product,6,700
55246459,Tech,3,500
48955764,Tech,3,"2,500"
78484259,Sales,8,"1,300"
74113241,Tech,5,"2,000"
23901322,Tech,4,"1,800"
29747792,Tech,5,"2,200"
41314127,Sales,11,"1,400"
64974434,Tech,3,"1,300"
88930561,Sales,11,"2,500"
69579094,Sales,10,"1,600"
32612928,Tech,4,900
73533479,Tech,5,"2,000"
30352961,Product,6,"1,700"
33985220,Sales,8,"2,000"
55835109,Sales,11,"1,600"
70024272,Tech,5,"1,600"
63249616,Tech,5,"1,500"
45630647,Tech,4,"2,100"
12849959,Sales,9,700
13837028,Sales,9,"1,700"
31645764,Sales,9,600
14433307,Tech,5,"1,000"
80847949,Tech,4,900
63889299,Finance,1,900
82253258,Product,6,500
36217354,Sales,8,"1,700"
36936029,Tech,5,500
60128951,Finance,1,"2,400"
24921767,General,13,"1,400"
70199305,Finance,2,"1,000"
33715388,Product,6,500
33232111,Sales,9,900
32662529,Sales,8,"2,000"
57253380,Tech,4,"1,500"
51400715,Finance,2,"2,300"
17449694,Sales,11,"1,900"
72624000,Sales,10,"1,000"
25042447,Tech,4,"2,100"
26805694,Sales,9,700
31946721,Tech,3,"1,000"
50414453,Tech,4,"2,400"
62741644,Sales,9,"1,700"
46785052,General,12,"1,000"
78869346,General,13,600
53682168,Sales,8,"2,300"
17222337,Tech,5,600
73489136,General,14,"1,800"
21765013,Tech,4,600
56879456,Sales,11,"2,200"
44204726,Product,6,"2,200"
81052560,Tech,5,"1,000"
15871923,Tech,4,"1,500"
37652448,Tech,4,"2,200"
62028023,Tech,4,"1,500"
68104188,General,14,"1,500"
82184495,Sales,11,"1,700"
16314140,Finance,1,"2,300"
62327725,Tech,4,"1,200"
47751235,Finance,2,"1,900"
50092209,General,13,"2,100"
23373864,Product,7,"1,700"
51050229,Sales,8,"1,800"
86455961,Product,6,"2,000"
38779835,Tech,5,"1,900"
26111915,General,13,"1,800"
44875491,Sales,10,"1,600"
85489047,Tech,5,"1,300"
25467615,Sales,8,"1,300"
43703785,Tech,4,"1,300"
72259253,Sales,8,"1,000"
33409350,Tech,4,700
58960694,Tech,5,"1,100"
11413966,General,15,"2,400"
84946805,Product,7,"2,200"
65285379,Sales,10,"2,400"
79867603,Tech,4,"2,300"
57895011,Finance,1,"1,800"
74951024,Tech,4,"2,300"
84139423,Finance,2,"1,000"
24238336,General,13,"1,200"
15643091,Product,6,"2,300"
73627949,Finance,2,"1,400"
52360965,Tech,5,"1,900"
35263116,Product,6,"1,400"
33176964,Product,6,"1,100"
83623828,General,13,"1,700"
25601520,Tech,3,500
68063545,Sales,8,"1,700"
18522870,General,14,800
81108206,Sales,11,600
58928800,General,13,"2,500"
25498588,Tech,4,"1,500"
77103483,Finance,1,"1,200"
24848196,Finance,1,"1,200"
24783599,Sales,10,"1,400"
48298301,General,14,"2,300"
73144712,Sales,11,"2,400"
40319768,Finance,1,"2,300"
64548529,Finance,1,"2,200"
20728954,Tech,4,800
22229724,Tech,4,800
11192456,General,13,"1,400"
10303286,Sales,8,"1,900"
63383785,Tech,5,"1,100"
53645226,Tech,5,"2,200"
27164554,General,12,"1,900"
20606796,Sales,8,"2,200"
87584229,General,14,"1,400"
44680646,Sales,8,"2,500"
26266451,Tech,5,"1,700"
73912174,Product,6,"1,000"
61267138,Tech,5,"1,100"
85056463,Tech,4,"2,500"
51390445,Tech,4,"1,400"
55486101,General,13,"1,800"
44124094,Tech,4,"1,500"
78173621,General,13,700
54945914,Product,6,"2,000"
78469824,Sales,9,"2,300"
50149530,Sales,11,"2,000"
26891496,Sales,10,"1,300"
52179440,Tech,4,800
76984596,Sales,8,"1,100"
68645063,Tech,4,800
45057623,General,13,"1,400"
42840022,Product,6,"2,400"
38950020,Tech,4,800
40118004,Tech,4,"1,700"
82027867,Sales,9,"1,300"
12510217,Product,7,"1,300"
68549390,Sales,11,"2,300"
81402654,Product,6,800
65931539,Tech,4,"1,100"
49064597,Finance,1,"1,600"
63041724,Finance,2,"1,600"
64723629,Tech,4,"2,300"
62451370,Product,6,"2,100"
46357607,Sales,8,"2,100"
75885815,General,13,"1,300"
58311106,General,13,"1,400"
69404067,Sales,8,600
16383477,Product,6,"1,900"
17907280,Tech,4,"1,800"
11568415,General,13,"2,200"
63422688,Tech,4,"2,000"
12791495,Tech,3,"2,300"
20505165,General,13,600
15683157,Tech,5,"2,400"
83557720,General,13,"2,300"
42780567,General,13,700
69660327,Finance,1,"1,500"
50963541,Tech,4,800
37629401,Sales,8,"1,500"
71037620,Sales,9,"2,100"
56773421,Tech,3,"1,300"
25072327,Sales,10,"1,500"
30679432,Finance,1,900
58525019,Tech,4,"1,800"
62125949,General,13,"2,300"
71721356,Tech,5,600
20885817,Product,6,900
10562795,Finance,2,"1,900"
49023451,Sales,8,"1,000"
77280271,Sales,10,"1,800"
26820271,General,14,600
72792114,Tech,5,"2,200"
41445552,Product,6,900
73143684,Tech,3,"2,000"
60943171,Sales,8,"1,700"
10247043,Finance,1,"1,000"
45293182,Tech,3,"1,700"
34591646,Finance,1,"2,300"
47746738,General,13,"2,100"
13902279,Sales,10,"2,300"
13088956,Sales,8,"1,500"
42268898,General,13,"1,200"
40972675,Tech,4,"1,200"
60705148,Tech,4,"1,600"
44252250,General,13,"2,400"
10299035,Finance,2,"1,800"
82846190,Sales,8,500
47240792,Tech,3,"2,300"
77836230,Tech,4,"1,700"
25440306,Sales,10,"1,300"
89283915,Sales,9,"2,400"
23820113,Sales,11,"2,200"
11879629,Tech,4,"1,300"
14580411,Sales,9,600
78548844,Product,6,500
34920627,Tech,5,600
33291744,Product,6,"1,000"
83258309,Product,6,"1,000"
46841103,General,13,700
83551043,Sales,9,"1,700"
84454738,Sales,10,"1,800"
45791614,Sales,8,"1,500"
32828891,Tech,4,"1,900"
21250985,General,14,"1,700"
27492942,Sales,8,"1,200"
77978852,Sales,8,"1,900"
84139676,Finance,2,"1,600"
82077924,Product,6,"2,200"
34424511,Sales,8,"2,400"
66236403,Sales,9,"1,400"
62347216,Sales,11,"2,100"
48073968,Product,6,900
31176357,Tech,5,"1,700"
62420668,Sales,9,"2,200"
19005754,Product,7,"2,000"
15345841,Sales,9,"2,100"
55708971,Tech,4,"2,200"
41476518,Sales,8,"2,100"
43798212,Tech,4,"1,400"
24031943,Tech,3,"1,400"
75263339,Sales,8,"2,200"
59443813,Sales,9,900
26880944,Sales,11,800
62071088,Tech,4,"1,300"
65007752,Product,6,"1,600"
82244307,Sales,8,700
51023196,Tech,5,"1,000"
71828042,General,13,"1,200"
20128016,Finance,1,"1,900"
41061978,Sales,8,"1,200"
15154996,Sales,8,"2,100"
60271706,Sales,11,"1,600"
15670106,General,14,"2,000"
28020360,Product,6,600
29452937,General,13,"1,500"
37542346,Sales,8,"1,500"
43209984,Sales,8,"1,200"
56251108,Sales,8,"1,200"
73108811,Product,6,800
45384926,Tech,4,"1,700"
60690906,Product,6,"1,800"
71338713,Finance,1,"1,500"
49441773,General,13,900
66066225,Product,6,900
11534208,Tech,4,600
76516785,General,14,"1,600"
29030300,Finance,1,"1,000"
44034031,Tech,5,"1,900"
61395093,General,12,"1,600"
41882075,Product,6,"1,500"
20055828,Product,7,"1,900"
86717345,Tech,4,"1,900"
85700679,Finance,2,"1,900"
28282933,Product,6,"1,800"
86065601,Product,6,600
57507134,Product,7,"1,200"
38373122,General,15,"2,400"
29429596,Tech,4,900
84877852,Tech,4,"1,800"
73097833,Tech,3,"2,300"
41906261,Finance,2,"1,300"
21164279,Finance,1,"1,400"
48368134,Tech,4,"2,300"
69010362,Sales,10,"1,400"
61229883,General,13,"2,300"
84719676,Sales,9,"2,400"
61391130,Sales,8,900
81258116,General,14,"2,200"
18561299,Tech,4,"1,200"
81185129,General,13,700
29108023,Sales,9,600
88757963,Sales,11,"1,500"
13709588,Tech,4,"2,100"
37290311,Sales,11,"2,000"
65505023,Tech,5,"2,400"
50228918,Finance,2,"1,900"
54063429,Tech,5,"1,200"
78006918,Product,6,"2,300"
31904359,Sales,8,"1,300"
30961821,Sales,8,"1,500"
10759145,Tech,5,"2,500"
89359482,General,12,"1,000"
82784595,Sales,9,"1,200"
88983916,General,13,"1,700"
42291127,Product,7,800
75227049,Tech,5,"2,100"
57242817,Product,7,"2,500"
36782892,Tech,4,"1,300"
24092502,Sales,11,"1,400"
64808075,Sales,8,600
27946834,Sales,11,"1,400"
73895573,Sales,8,"2,300"
72379478,Sales,8,"1,700"
72811535,Tech,5,"1,700"
85441130,General,13,"2,000"
37307041,Sales,8,"1,400"
12818467,Sales,8,"1,100"
12327855,Sales,9,"1,600"
14186001,Tech,4,900
40746624,Tech,5,"2,100"
19340677,Tech,4,800
50723913,Tech,5,"1,800"
27724896,Sales,8,"2,000"
10607806,Finance,1,"2,100"
35694517,Product,6,"1,500"
81796959,Sales,8,"1,000"
13890552,General,13,"1,800"
75359730,Tech,5,"1,500"
72091759,Sales,10,"1,100"
42812957,Tech,4,"1,800"
76976273,General,13,600
86958580,Sales,11,900
81569063,Tech,4,"1,700"
12945447,Tech,3,900
32314178,Tech,3,"2,000"
26907799,Product,7,"1,300"
65452039,Tech,5,"1,000"
70021680,Sales,8,800
69717985,General,12,600
76256676,Product,6,"1,200"
14574707,Sales,9,900
35373377,Sales,10,800
15763443,Sales,9,"1,200"
27967463,Product,6,"1,100"
62672800,Sales,11,"1,500"
21980114,Product,6,"2,400"
10895204,Product,7,"1,500"
11721854,Tech,4,"1,700"
50634976,Finance,1,900
38983929,General,13,"1,300"
15864519,Tech,4,"1,500"
25378230,Tech,4,500
15061693,General,14,"2,200"
76044404,General,14,"2,400"
13017776,Sales,9,700
43931722,Finance,2,800
41847019,Tech,4,900
53894069,General,13,900
31471533,Product,6,600
65969788,Sales,8,"1,600"
25264377,Sales,11,"2,000"
22844653,Sales,10,600
81225303,Sales,11,"1,800"
39256567,Sales,8,"1,200"
25302796,Product,6,"1,800"
58885239,Tech,4,"1,900"
89779003,Sales,9,"1,600"
61219983,Tech,3,"1,500"
40765866,Tech,5,"1,400"
47404102,Finance,1,"1,700"
35837566,Tech,4,"1,100"
56756102,Sales,9,"1,200"
32911233,Tech,4,"2,400"
37456598,Tech,4,"1,300"
28200883,Product,7,"1,100"
14905957,Tech,5,800
64174113,Sales,8,900
14892053,General,15,"1,300"
43952817,Tech,5,"2,100"
17600623,Sales,11,"2,200"
58783859,Tech,4,"1,800"
20543305,Sales,10,"2,500"
58578713,Product,6,"1,800"
37810955,Finance,1,900
66848335,General,13,"1,100"
10073117,Sales,9,"1,100"
11656402,Product,6,"2,000"
21079080,Sales,11,900
60746414,Tech,3,"1,300"
34962329,Finance,1,"1,500"
15281357,Finance,1,"1,100"
53549277,Sales,11,"1,200"
12434537,Tech,4,"1,000"
19515233,Finance,1,"1,800"
28402255,Finance,2,"2,400"
61256565,General,13,"1,200"
52538948,Sales,11,800
56648303,Product,7,"1,200"
88758860,Sales,8,900
79571926,Product,7,500
16870785,Tech,4,"1,600"
25618980,Sales,8,"1,900"
75129728,General,13,"1,200"
78343707,Finance,2,"1,800"
43266875,Finance,1,"2,300"
87741924,Finance,2,700
26112891,Tech,4,"1,700"
67415388,Finance,2,"2,500"
51424688,Finance,2,"1,100"
41530677,Tech,4,600
27678281,Finance,1,"1,500"
18840492,Sales,8,"1,000"
80665520,Sales,8,"1,000"
16593378,General,13,"2,000"
40246298,Product,6,500
66256102,Tech,4,"1,100"
55325625,Sales,9,600
36001772,General,13,"1,200"
47062525,Sales,8,"2,500"
78516991,Finance,2,"1,200"
34740632,Tech,5,"1,900"
59743327,Tech,4,"1,100"
49154261,Product,7,700
53833078,Sales,8,"1,300"
64554183,Tech,5,"2,000"
37257029,Tech,4,500
28170108,Sales,9,"2,000"
42293495,Tech,4,"1,700"
58347391,Finance,1,"1,900"
44943897,Product,6,600
46919545,Product,6,600
78801181,General,13,"1,200"
63351327,General,13,"1,200"
84933988,Tech,4,600
78444963,Sales,11,"1,700"
15082578,Product,6,"2,000"
41270360,Sales,11,"2,400"
54282254,Product,6,600
27974355,Sales,11,"1,700"
18577583,Sales,8,"1,600"
85009803,General,13,600
39156226,Tech,4,"1,600"
18118394,General,15,"1,100"
57655568,Sales,8,"1,600"
74366954,General,13,"1,300"
86469172,Product,6,"1,300"
66191301,General,13,800
36743884,Tech,4,"2,300"
68510253,Finance,2,"1,400"
75802905,General,13,"2,400"
73550535,Tech,4,"1,700"
21595925,Sales,9,500
40336849,Finance,1,"1,900"
17355178,Product,6,"1,900"
50365945,Tech,3,"1,300"
44066384,General,14,800
37564576,General,13,800
77037100,Tech,4,"2,500"
75244635,Product,6,"2,400"
17402048,Sales,11,"1,100"
67679890,Tech,4,"1,900"
37736708,Tech,4,"1,400"
37653470,Sales,8,800
87197028,Finance,1,"1,000"
68628993,Tech,4,"1,300"
66155435,Tech,4,"2,200"
12096713,Product,7,"2,400"
49801978,Tech,4,800
84404965,Finance,1,"1,800"
87514824,Finance,1,"1,000"
46521947,General,13,700
89117509,Tech,4,"2,000"
14449361,Sales,10,"2,000"
15821489,General,13,"2,400"
13443060,Tech,4,"1,400"
14342534,Tech,4,"2,300"
88052365,Tech,4,"1,300"
25268944,General,13,"1,200"
50784682,Product,7,"1,900"
25389050,Tech,5,"1,300"
89701194,Sales,8,700
18745500,Finance,1,"2,100"
10468086,Tech,4,"1,300"
69315344,Sales,9,"1,800"
48592104,Sales,10,"1,600"
52308148,Tech,4,"2,300"
76274203,Sales,11,900
40270330,General,14,600
85286925,Sales,8,"1,300"
69872861,General,15,"2,400"
68535028,Product,7,500
57082311,Sales,11,"1,200"
60760740,Tech,3,"2,200"
50262481,Tech,4,"1,400"
81720307,General,14,600
26766085,Finance,2,"1,800"
37852888,Sales,9,"2,500"
89143890,Sales,9,600
82002005,Sales,11,"1,600"
28862970,Tech,5,"1,000"
22399147,Sales,8,500
31276833,Product,7,900
45394740,Tech,4,"1,300"
54668874,Product,6,"2,300"
81088528,Sales,11,700
33887414,Sales,11,"1,700"
23085917,Finance,1,"2,000"
27046279,Finance,1,"2,200"
55353785,Tech,5,"1,200"
79869830,Product,6,"1,700"
59084969,Sales,9,"1,300"
10656501,General,14,900
25370335,Product,6,"1,400"
49910619,General,13,"1,500"
36336723,General,15,"1,300"
19089315,Tech,3,"1,700"
25503925,Product,6,"2,100"
25520277,Product,6,"1,600"
10959546,Tech,4,"1,300"
34507613,Sales,8,"2,300"
32313007,Sales,8,"1,600"
70347703,Tech,5,"1,400"
10284527,Finance,1,"1,400"
17065382,Finance,2,"1,000"
58477377,Tech,3,600
65043643,General,12,"1,100"
58887586,Tech,4,"2,000"
75497951,Tech,4,"1,600"
10790340,Sales,8,"1,200"
51329807,Sales,8,"1,100"
37822053,Sales,11,900
36924036,Finance,1,"2,000"
47617168,Tech,4,700
53821074,Sales,8,"1,200"
75774839,Product,7,"1,500"
33039770,General,15,"1,000"
20988349,Finance,1,"1,000"
53538744,Tech,4,"1,400"
76884964,General,13,"1,700"
51525526,Tech,5,"1,600"
10761712,General,13,"2,200"
84943456,General,13,"1,800"
28478869,Sales,8,600
45626928,Tech,4,"1,400"
73053102,Sales,8,"1,700"
38707020,Sales,10,"2,300"
22992502,Sales,8,600
31512147,Tech,5,"1,800"
52400961,Sales,11,"2,300"
35333009,Tech,3,"1,300"
71865831,Sales,8,"1,400"
32148122,Finance,1,"1,500"
46895789,Sales,8,"1,200"
70126628,General,13,500
65211039,Sales,11,"1,800"
28079009,General,12,"2,000"
67771013,General,13,600
17904925,General,13,"1,800"
39571349,Product,6,"1,300"
89630814,Tech,5,700
79717529,Sales,9,"1,300"
26229151,Product,6,"1,500"
17102915,Finance,2,"1,600"
31706714,General,13,"1,800"
65449713,Product,6,"1,000"
18831546,General,14,"2,200"
33028002,General,12,"1,500"
11478293,Sales,8,"1,700"
27816376,Tech,4,"2,100"
36299637,Sales,8,"1,400"
14223173,General,13,"1,900"
80918450,Sales,8,"1,400"
85015730,General,15,500
58971570,Product,6,"2,000"
70321901,Tech,5,"1,200"
50262428,Tech,5,"1,400"
69239082,Tech,4,"1,800"
67386777,Sales,9,"1,800"
29726623,Sales,8,"2,000"
75124011,Tech,5,"1,300"
66333599,Product,6,"2,100"
78526813,Product,7,"2,300"
56440874,Product,6,"1,600"
29134561,Sales,8,"1,400"
53840063,Sales,11,"1,900"
71471858,Finance,1,"1,200"
79647773,Product,6,700
45613208,Tech,4,"1,100"
47027254,Sales,11,500
43988998,Finance,1,"2,100"
76476757,Product,7,"1,800"
85917084,Sales,11,700
27310105,Tech,5,700
41959021,Sales,11,"1,500"
49416088,Product,6,"2,200"
58761212,Tech,4,"1,400"
44704525,General,13,"1,000"
76439091,Tech,5,"1,400"
73344270,Product,7,"1,100"
33938160,General,14,"1,000"
55737290,Tech,4,500
68549294,Sales,8,"1,300"
13169135,Product,7,"1,600"
65508308,Sales,10,"2,000"
40495122,Finance,1,"2,400"
20261663,Finance,2,"1,700"
71579023,Finance,1,"1,400"
23672131,General,12,900
57262652,Sales,10,"2,100"
19560920,Sales,11,"2,500"
17426045,Sales,11,"1,800"
31176557,Tech,5,900
20464587,General,15,600
51336805,Product,6,"1,700"
48777091,Finance,1,"2,000"
89248074,Tech,4,800
47393060,Finance,1,500
20758476,Tech,3,"1,900"
80683847,Sales,11,"1,400"
59685878,General,13,"2,400"
51466727,Tech,3,"2,000"
23772083,General,14,"1,700"
16238714,Sales,8,"1,900"
23889017,General,13,"1,800"
24533824,Sales,9,"2,400"
39753279,Tech,4,"2,200"
60499149,General,13,"1,800"
86232038,Sales,8,"2,000"
67997024,Tech,3,"2,300"
74237011,Product,6,"1,600"
10378585,Product,6,"1,500"
88344345,Sales,11,"1,400"
22303530,Sales,8,"1,500"
25037580,Finance,2,"2,100"
19617668,Finance,1,"1,600"
12489062,General,13,"1,900"
26609518,General,15,"1,400"
62962594,Tech,4,"2,200"
36465253,Product,6,500
36377829,General,13,500
75193600,Tech,3,900
68715048,Product,6,"1,800"
62714118,Sales,10,"1,800"
58398559,Product,7,600
64459673,Tech,3,"1,800"
10468382,Tech,4,700
26252113,Sales,9,"2,000"
41373867,Tech,4,"1,300"
24135082,Sales,10,"2,200"
81990041,General,15,"1,200"
75304937,Sales,9,"1,500"
84608451,Sales,11,"1,600"
78535711,Sales,10,"1,600"
29079583,Finance,1,800
51062506,Product,7,800
88124347,Sales,10,"2,400"
68535166,Finance,1,"1,800"
12478169,General,13,900
56396379,Sales,8,"1,400"
19623626,General,13,"1,600"
82140932,Sales,8,"2,200"
28296701,Product,7,600
11891422,Product,7,"1,700"
13858695,General,12,"1,700"
31345918,Tech,5,700
52400656,Tech,4,"1,000"
76430452,Sales,9,800
25731006,Tech,4,"1,600"
75189500,General,13,"1,600"
53080223,Product,7,"1,200"
48086293,Tech,4,"1,300"
82579595,Sales,8,"2,100"
43727751,General,14,"2,000"
66724959,Product,7,"1,400"
32091210,Sales,9,"1,700"
17761517,Product,6,900
24878212,Product,6,"2,100"
54112841,General,13,"2,400"
46169411,Sales,8,"1,300"
76766841,General,13,"1,900"
15870126,Product,6,"2,300"
50314214,General,14,"1,600"
29533881,Product,6,"1,800"
88751491,General,13,700
13296752,General,13,700
69101714,Tech,4,"2,500"
10364413,Finance,2,"2,000"
30511892,Tech,4,"1,700"
80531960,Tech,5,"1,200"
83147950,Sales,9,"1,700"
87599384,Tech,4,"1,100"
56565960,Tech,5,"1,800"
68538901,Finance,1,"1,400"
54183265,Tech,4,"1,800"
36389407,Product,6,"1,400"
68145568,Tech,4,500
55864277,Tech,3,"2,100"
32676595,Finance,1,"1,900"
32576646,General,13,"1,200"
45546387,General,13,"1,200"
15877232,Sales,11,"2,400"
64493023,Product,6,900
10079159,Tech,5,900
32421408,Tech,4,"1,000"
74077595,Tech,4,"1,100"
72372273,Product,7,"1,700"
76075320,Sales,10,600
37245299,Product,6,"1,100"
25563806,Tech,4,"1,000"
62963002,General,15,"1,400"
52398926,Sales,10,"1,000"
86317207,Product,6,"1,000"
62516502,Sales,11,"1,100"
65538391,Sales,11,"1,900"
27571318,Sales,11,"1,000"
24310332,Product,6,"1,100"
73819297,Tech,5,"2,200"
16409119,Product,6,"1,700"
32412342,Product,7,"1,900"
52517204,Finance,1,"2,400"
23704005,Tech,4,"1,800"
43440509,Sales,9,600
73187719,Finance,1,"1,300"
21580190,Product,6,"1,300"
73573134,Sales,8,"1,300"
77971147,Tech,5,"2,500"
89765951,Tech,3,"2,100"
74637441,Sales,9,700
40918070,Tech,4,600
26821013,Sales,11,"1,700"
72273516,Tech,5,"1,100"
88455035,Sales,11,"1,500"
51517100,Sales,10,800
34967713,Tech,5,"1,600"
48252804,Tech,4,600
84256788,Product,6,900
75862907,Tech,5,"2,400"
19860058,Sales,11,"1,500"
23342717,Finance,1,"1,900"
56603759,Tech,4,"2,000"
88034922,Product,6,"1,800"
21228838,Sales,8,"1,300"
22017689,General,13,800
57816119,Product,6,700
44997474,Sales,8,"2,300"
65645315,Sales,11,"1,700"
50936301,General,13,"1,900"
37070705,Sales,11,"1,500"
76570310,Finance,2,"1,100"
32968500,Finance,1,"2,200"
55966444,General,13,"1,900"
27448169,Finance,1,"1,900"
41083712,Finance,1,"1,000"
32213000,General,15,"2,000"
44969523,Sales,9,600
80844281,Sales,10,"1,600"
18996012,Sales,8,"2,400"
47259754,Product,6,"2,300"
21941862,Tech,4,"1,600"
29800547,Sales,8,"1,100"
26517007,Sales,8,"1,600"
18222693,Tech,5,900
64127067,Product,6,"1,400"
26949983,Product,6,"2,100"
73546312,Tech,4,800
82174886,Tech,5,700
52228733,Finance,1,"1,300"
36914407,Product,6,"1,900"
25001374,Tech,5,"1,700"
47328455,Product,6,"2,400"
74868561,Finance,1,"2,200"
32130359,Product,7,800
71875511,Tech,4,800
37653097,Sales,11,"2,400"
51950453,Sales,9,"1,600"
13221295,General,15,"1,100"
18131862,Sales,11,600
60308714,Product,7,700
17606935,Sales,9,"1,100"
56174357,Product,6,"2,100"
81804908,Tech,4,"2,300"
56158241,Product,6,"2,500"
51919744,Tech,5,"2,200"
22720656,General,13,"2,200"
53446708,General,13,"1,800"
34017455,Finance,1,"2,300"
11622126,General,12,"1,900"
36958606,Sales,8,"1,700"
12320726,Product,6,"2,100"
82189084,Sales,8,"2,000"
63505989,Product,7,"1,500"
10400495,Sales,11,"2,200"
50511689,Finance,1,"2,100"
76219212,Tech,4,"1,700"
50272654,Tech,4,"1,700"
29263099,Finance,1,"2,100"
37385537,General,14,"1,100"
39704624,Finance,1,900
37081651,Sales,9,500
21963724,Sales,9,"2,200"
11599224,Sales,11,700
45370303,Sales,11,"1,300"
78067520,General,13,800
81423804,Finance,2,900
35125647,Sales,8,"1,100"
66526930,Tech,5,"1,800"
65610306,Tech,4,"1,900"
45922645,Sales,8,"2,000"
83524693,Sales,11,"1,600"
24408915,General,13,"2,400"
81160990,Sales,11,"2,300"
43884679,General,13,"1,400"
18956974,Sales,11,"2,400"
24784031,Sales,11,"2,200"
34938768,Sales,8,"1,300"
42124122,Sales,8,"2,300"
17202469,Finance,2,900
37616427,Product,6,"1,400"
82832697,Tech,3,"1,500"
83711597,Tech,4,"2,400"
37211888,Tech,5,"1,100"
86455346,General,13,900
22355823,General,15,800
20767902,Tech,5,700
71484213,Sales,8,"1,400"
59612555,Tech,5,"1,700"
35515621,Sales,8,"1,500"
59130701,Product,6,700
37829536,Tech,5,"1,100"
53082131,Product,6,800
44980062,Finance,2,"1,100"
55980606,Sales,10,700
67841847,Product,7,800
25546762,Sales,8,"1,300"
20934407,Product,6,"1,700"
88153657,Finance,2,"2,100"
54672144,Tech,4,"1,100"
48705511,Sales,11,"1,800"
19539308,Sales,9,800
58007889,Product,7,"2,200"
42457802,Sales,8,"2,000"
51548478,Sales,11,"2,400"
69916534,Tech,5,700
25352324,Tech,5,"1,400"
52029791,Tech,5,"1,900"
45094498,General,14,800
15104167,Tech,3,"2,400"
28087246,Finance,1,"1,000"
42284954,Tech,3,"1,300"
54498596,Sales,8,"1,600"
53438845,Sales,9,"1,800"
60845359,Sales,8,"2,500"
63876162,Sales,8,"1,300"
18326582,Tech,4,800
20338147,Finance,1,900
20064000,Tech,4,"2,400"
71638812,Tech,5,"1,100"
60184760,Tech,5,"2,000"
36471919,Sales,9,"1,000"
35559192,Finance,1,"1,000"
84437770,General,14,"2,000"
75783356,General,13,"2,100"
66826913,General,12,900
12812954,Tech,5,"2,300"
15884417,Tech,4,"2,200"
28902943,Sales,11,"1,300"
66184794,Sales,9,"2,400"
46825965,General,12,900
66639179,Sales,8,"1,500"
72623666,Sales,11,"2,000"
50049113,Product,6,"1,900"
77528192,Product,6,"1,600"
28780475,General,15,"1,000"
47567816,General,13,900
66072557,Sales,9,"1,400"
58380848,Sales,8,"1,300"
84986666,Product,6,700
16796817,General,13,800
49551336,General,13,"1,700"
43943556,Tech,4,"2,000"
50043216,Sales,11,"1,000"
77394402,Sales,8,"1,700"
47569264,Finance,2,"2,100"
88821293,Sales,8,"1,700"
19452894,Product,7,"1,600"
21658310,General,13,"2,300"
49889641,General,13,"1,300"
49546289,Sales,9,"1,900"
19692480,Tech,4,900
66213522,Sales,8,"1,000"
70708727,Finance,2,"2,300"
12590678,Product,6,"2,100"
56925044,Sales,11,"1,600"
25250616,Tech,5,600
63900208,General,15,"2,300"
15846328,Tech,5,"1,000"
55742525,Product,6,800
54483525,Tech,4,"2,400"
45395645,Sales,9,900
27548894,General,13,"1,900"
46778920,Sales,9,"2,200"
75311497,Product,6,"1,300"
79861590,Tech,4,"1,000"
35763782,Sales,10,"2,300"
41800063,Sales,11,"1,000"
84060818,Product,6,"2,400"
44849592,Tech,5,"1,000"
63192319,Tech,5,"2,100"
87141549,Tech,4,"1,200"
79072354,Sales,8,"1,600"
74111048,General,14,"2,300"
76197054,Sales,8,"1,900"
11132034,Product,6,800
58791674,General,13,"1,000"
62784348,Tech,4,"1,900"
23585728,Product,6,"1,900"
18404737,Finance,1,"1,000"
16909126,Tech,4,"1,800"
30677515,Finance,1,"2,500"
59834134,Tech,4,"2,100"
13765585,General,13,"1,600"
45987832,Tech,5,"1,000"
85885090,Sales,8,"2,200"
59068597,Product,7,"1,300"
80552114,Sales,8,"2,400"
38908226,Tech,4,800
89493641,Sales,11,"1,500"
50269569,Sales,9,700
13182795,Tech,4,"2,200"
87848390,Sales,11,"2,100"
13145940,Sales,9,900
80798341,Tech,4,"1,600"
50862153,Sales,8,"2,300"
43410008,Finance,1,"1,900"
84749445,Finance,1,"1,200"
44489575,General,13,"1,700"
59172614,General,13,"1,900"
51890482,Sales,8,900
13630342,General,14,700
72192948,Sales,9,600